{"_runtime":72,"timing/ant_solution_time":2.957650661468506,"summary/final_best_m":20,"solution/global_best_m":20,"summary/solving_time":66.9928331375122,"summary/avg_ant_time_per_iter":3.3436493277549744,"preprocessing/time":4.7964112758636475,"overlap_precomp/overlap_checks":801900,"summary/ant_solution_percentage":92.46196126953458,"summary/preprocessing_time":4.7964112758636475,"ants/valid_ant_ratio":1,"overlap_precomp/efficiency_checks_per_sec":168063.15089815817,"overlap_precomp/validity_rate":0.03558548447437336,"_timestamp":1.7589621625412288e+09,"preprocessing/avg_overlaps_per_tile_pair":2.8536,"summary/ant_solution_time":66.87298655509949,"overlap_precomp/valid_overlaps":28536,"summary/num_improvements":1,"solution/iter_best_m":20,"preprocessing/total_overlaps":28536,"preprocessing/pheromone_matrix_size":28536,"summary/solving_percentage":92.62766719403672,"pheromone/min_tau":0.12157665459056936,"improvements/improvement_0_iteration":0,"_wandb":{"runtime":72},"summary/final_canvas_height":20,"summary/final_canvas_width":20,"summary/canvas_area":400,"summary/preprocessing_percentage":6.631759944746253,"summary/status":"success","timing/pheromone_update_time":0.005494117736816406,"summary/pheromone_update_percentage":0.162910826030846,"timing/iteration_time":2.9636871814727783,"_step":24,"overlap_precomp/time":4.77142071723938,"improvements/improvement_0_m_value":20,"ants/valid_ants":8,"summary/max_iteration_time":8.507505416870117,"improvements/improvement_0_timestamp":13.311361074447632,"summary/min_iteration_time":2.6577847003936768,"summary/avg_iteration_time":3.3496416568756104,"summary/pheromone_update_time":0.11782503128051758,"iteration":19,"pheromone/max_tau":87.61685017483,"summary/total_time":72.32486271858215,"pheromone/avg_tau":0.6347141024265727}