{"timing/iteration_time":1.0275015830993652,"preprocessing/total_overlaps":5870,"ants/valid_ants":10,"overlap_precomp/overlap_checks":70470,"ants/valid_ant_ratio":1,"overlap_precomp/time":0.42363500595092773,"overlap_precomp/valid_overlaps":5870,"timing/pheromone_update_time":0,"pheromone/avg_tau":1.898390872298297,"preprocessing/time":0.4310603141784668,"overlap_precomp/efficiency_checks_per_sec":166346.02667411053,"solution/global_best_m":10,"pheromone/min_tau":0.16677181699666577,"_wandb":{"runtime":34},"iteration":16,"preprocessing/avg_overlaps_per_tile_pair":6.522222222222222,"pheromone/max_tau":212.98661114078166,"_timestamp":1.7589613932474394e+09,"solution/iter_best_m":10,"overlap_precomp/validity_rate":0.0832978572442174,"timing/ant_solution_time":1.0275015830993652,"_step":18,"preprocessing/pheromone_matrix_size":5870,"_runtime":34}