{"pheromone/avg_tau":1.0588641959170235,"ants/valid_ant_ratio":1,"_timestamp":1.75896205842708e+09,"preprocessing/pheromone_matrix_size":66060,"overlap_precomp/efficiency_checks_per_sec":153487.19009588237,"preprocessing/time":5.271552324295044,"solution/iter_best_m":10,"preprocessing/total_overlaps":66060,"_step":9,"iteration":7,"pheromone/min_tau":0.43046721000000016,"overlap_precomp/valid_overlaps":66060,"timing/ant_solution_time":4.709972620010376,"pheromone/max_tau":114.42315082607146,"timing/iteration_time":4.7225306034088135,"ants/valid_ants":8,"solution/global_best_m":10,"overlap_precomp/overlap_checks":801900,"overlap_precomp/time":5.2245402336120605,"_runtime":55,"overlap_precomp/validity_rate":0.08237934904601571,"timing/pheromone_update_time":0.0125579833984375,"preprocessing/avg_overlaps_per_tile_pair":6.606,"_wandb":{"runtime":55}}