{"preprocessing/pheromone_matrix_size":107070,"overlap_precomp/overlap_checks":1950200,"_timestamp":1.758964424112679e+09,"timing/ant_solution_time":36.2046856880188,"preprocessing/time":11.93548059463501,"iteration":1,"overlap_precomp/valid_overlaps":107070,"timing/iteration_time":36.222110748291016,"_wandb":{"runtime":129},"ants/valid_ant_ratio":1,"preprocessing/avg_overlaps_per_tile_pair":2.67675,"solution/iter_best_m":75,"preprocessing/total_overlaps":107070,"pheromone/max_tau":2.705857081353569,"_runtime":129,"overlap_precomp/validity_rate":0.05490206132704338,"solution/global_best_m":75,"overlap_precomp/efficiency_checks_per_sec":164598.9667313044,"pheromone/min_tau":0.81,"overlap_precomp/time":11.848191022872925,"ants/valid_ants":8,"_step":3,"timing/pheromone_update_time":0.017425060272216797,"pheromone/avg_tau":0.8161017813010119}