{"timing/pheromone_update_time":0.0062122344970703125,"ants/valid_ant_ratio":1,"summary/min_iteration_time":5.114704370498657,"summary/preprocessing_time":5.045973062515259,"summary/solving_percentage":95.82645151956847,"pheromone/avg_tau":0.3232179003081777,"summary/canvas_area":400,"iteration":19,"preprocessing/time":5.045973062515259,"improvements/improvement_2_iteration":4,"preprocessing/avg_overlaps_per_tile_pair":6.2518,"summary/ant_solution_time":128.92015862464905,"summary/avg_iteration_time":6.453676784038544,"summary/total_time":134.69510102272034,"summary/max_iteration_time":12.894753694534302,"improvements/improvement_0_timestamp":17.966585159301758,"summary/solving_time":129.07353568077087,"solution/global_best_m":20,"overlap_precomp/time":5.007748126983643,"overlap_precomp/validity_rate":0.07796233944382093,"summary/avg_ant_time_per_iter":6.446007931232453,"summary/pheromone_update_time":0.1500692367553711,"summary/final_canvas_width":20,"_timestamp":1.7589619518090181e+09,"improvements/improvement_2_m_value":20,"preprocessing/total_overlaps":62518,"summary/final_canvas_height":20,"pheromone/max_tau":74.84782042095826,"improvements/improvement_2_timestamp":44.76069498062134,"summary/pheromone_update_percentage":0.11141402739662926,"_wandb":{"runtime":134},"improvements/improvement_0_iteration":0,"overlap_precomp/overlap_checks":801900,"summary/ant_solution_percentage":95.71258170919135,"summary/num_improvements":3,"solution/iter_best_m":23,"timing/ant_solution_time":5.452905654907227,"ants/valid_ants":8,"improvements/improvement_1_m_value":23,"preprocessing/pheromone_matrix_size":62518,"improvements/improvement_1_iteration":1,"summary/preprocessing_percentage":3.746218700013525,"summary/final_best_m":20,"summary/status":"success","timing/iteration_time":5.459117889404297,"overlap_precomp/efficiency_checks_per_sec":160131.8556097219,"improvements/improvement_1_timestamp":25.982787132263184,"_runtime":134,"improvements/improvement_0_m_value":27,"_step":26,"pheromone/min_tau":0.12157665459056936,"overlap_precomp/valid_overlaps":62518}