{"preprocessing/pheromone_matrix_size":62518,"timing/pheromone_update_time":0.001619577407836914,"ants/valid_ant_ratio":1,"solution/iter_best_m":23,"preprocessing/avg_overlaps_per_tile_pair":6.2518,"_step":13,"pheromone/avg_tau":0.440669461253141,"timing/iteration_time":23.53435730934143,"overlap_precomp/validity_rate":0.07796233944382093,"timing/ant_solution_time":23.532140016555786,"preprocessing/total_overlaps":62518,"ants/valid_ants":8,"overlap_precomp/efficiency_checks_per_sec":163260.75572744184,"overlap_precomp/valid_overlaps":62518,"_wandb":{"runtime":281},"preprocessing/time":4.943526268005371,"pheromone/max_tau":56.352438427175336,"overlap_precomp/overlap_checks":801900,"_runtime":281,"iteration":11,"_timestamp":1.7589617703574271e+09,"overlap_precomp/time":4.911774396896362,"solution/global_best_m":23,"pheromone/min_tau":0.28242953648100017}